id,park_locations,year,blt_adults_and_nymphs,blt_larvae,total_blts,num_positive,latitude,longitude
1,Park I,2023,0,0,0,0,43.633241,-79.189294
2,Park Z,2014,0,0,0,0,43.700727,-79.123402
3,Park Q,2019,11,0,11,7,43.603282,-79.443283
4,Park E,2013,0,0,0,0,43.715682,-79.232349
5,Park R,2015,14,0,14,7,43.778366,-79.55916
6,Park T,2015,0,0,0,0,43.641928,-79.296862
7,Park S,2018,0,0,0,0,43.611814,-79.377405
8,Park C,2015,8,0,8,3,43.656242,-79.284387
9,Park A,2023,0,0,0,0,43.751169,-79.120266
10,Park S,2014,0,0,0,0,43.716569,-79.273925
11,Park W,2014,7,0,7,1,43.715195,-79.544229
12,Park C,2016,6,0,6,3,43.637119,-79.102925
13,Park W,2019,0,0,0,0,43.79947,-79.33886
14,Park C,2013,5,0,5,0,43.674475,-79.203703
15,Park R,2014,14,8,14,4,43.666716,-79.303482
16,Park E,2023,0,0,0,0,43.760976,-79.451597
17,Park R,2013,10,0,10,6,43.739568,-79.129781
18,Park D,2018,0,0,0,0,43.796496,-79.129969
19,Park E,2018,0,0,0,0,43.661515,-79.477797
20,Park L,2014,0,0,0,0,43.7066,-79.441028
21,Park H,2015,0,0,0,0,43.763389,-79.587162
22,Park P,2017,10,0,10,1,43.737766,-79.528678
23,Park B,2014,0,0,0,0,43.770069,-79.161195
24,Park E,2013,0,0,0,0,43.756759,-79.492563
25,Park B,2018,0,0,0,0,43.71615,-79.386815
26,Park Y,2023,7,0,7,3,43.633806,-79.394208
27,Park A,2013,17,0,17,3,43.654535,-79.535458
28,Park T,2017,0,0,0,0,43.707474,-79.296775
29,Park W,2023,0,0,0,0,43.689852,-79.557408
30,Park N,2018,12,0,12,5,43.673189,-79.294754
31,Park M,2019,7,0,7,2,43.670838,-79.128518
32,Park K,2017,0,0,0,0,43.756498,-79.204937
33,Park R,2019,0,0,0,0,43.756819,-79.42718
34,Park O,2023,0,0,0,0,43.795518,-79.397848
35,Park Y,2015,0,0,0,0,43.667664,-79.269988
36,Park K,2013,0,0,0,0,43.653418,-79.237069
37,Park B,2017,10,0,10,5,43.673915,-79.406495
38,Park N,2017,0,0,0,0,43.683738,-79.206252
39,Park A,2019,7,0,7,0,43.692243,-79.553495
40,Park P,2014,9,0,9,4,43.789499,-79.532395
41,Park N,2018,0,0,0,0,43.635505,-79.423901
42,Park I,2019,0,0,0,0,43.770962,-79.479384
43,Park P,2017,0,0,0,0,43.639674,-79.551211
44,Park X,2015,0,0,0,0,43.677899,-79.237962
45,Park E,2016,0,0,0,0,43.668578,-79.484708
46,Park V,2018,0,0,0,0,43.730917,-79.238329
47,Park U,2017,0,0,0,0,43.74198,-79.446635
48,Park I,2019,10,0,10,8,43.720338,-79.367192
49,Park I,2015,0,0,0,0,43.7975,-79.332278
50,Park E,2016,8,0,8,2,43.79907,-79.470074
51,Park F,2017,13,9,13,6,43.776017,-79.344569
52,Park A,2013,13,0,13,6,43.698093,-79.144729
53,Park F,2018,14,0,14,4,43.734258,-79.274318
54,Park E,2014,0,0,0,0,43.762943,-79.442692
55,Park A,2019,7,0,7,3,43.753545,-79.544205
56,Park X,2019,0,0,0,0,43.709409,-79.296456
57,Park H,2019,0,0,0,0,43.782102,-79.574844
58,Park J,2015,0,0,0,0,43.699977,-79.45619
59,Park K,2016,0,0,0,0,43.759063,-79.529691
60,Park P,2023,6,0,6,3,43.604176,-79.17853
61,Park M,2017,0,0,0,0,43.754485,-79.127799
62,Park V,2023,13,0,13,7,43.728891,-79.408908
63,Park Y,2019,0,0,0,0,43.703852,-79.324894
64,Park I,2019,0,0,0,0,43.664285,-79.469836
65,Park L,2019,0,0,0,0,43.747271,-79.164713
66,Park K,2016,0,0,0,0,43.668709,-79.330123
67,Park Q,2018,0,0,0,0,43.69473,-79.291831
68,Park C,2023,0,0,0,0,43.658777,-79.147726
69,Park L,2018,0,0,0,0,43.707239,-79.213897
70,Park R,2016,0,0,0,0,43.739437,-79.362809
71,Park C,2014,0,0,0,0,43.637705,-79.144514
72,Park U,2023,9,0,9,3,43.635243,-79.34346
73,Park S,2017,0,0,0,0,43.798532,-79.168617
74,Park J,2019,12,0,12,5,43.716778,-79.40843
75,Park E,2017,20,0,20,6,43.601361,-79.191435
76,Park M,2015,0,0,0,0,43.65471,-79.519251
77,Park K,2018,0,0,0,0,43.668721,-79.287456
78,Park Q,2015,0,0,0,0,43.738288,-79.233111
79,Park A,2018,0,0,0,0,43.752369,-79.29273
80,Park K,2015,7,0,7,4,43.669103,-79.343198
81,Park R,2014,0,0,0,0,43.761917,-79.360688
82,Park H,2015,0,0,0,0,43.619908,-79.521198
83,Park H,2014,0,0,0,0,43.775222,-79.221392
84,Park P,2015,0,0,0,0,43.762435,-79.50166
85,Park Y,2016,0,0,0,0,43.718469,-79.403402
86,Park H,2013,0,0,0,0,43.731444,-79.530395
87,Park T,2018,11,0,11,4,43.68562,-79.162589
88,Park U,2023,0,0,0,0,43.705485,-79.148891
89,Park M,2018,0,0,0,0,43.638331,-79.224817
90,Park V,2013,0,0,0,0,43.64515,-79.513802
91,Park C,2014,0,0,0,0,43.761887,-79.343226
92,Park H,2014,0,0,0,0,43.716187,-79.591111
93,Park T,2018,0,0,0,0,43.649254,-79.549831
94,Park A,2015,14,0,14,6,43.677406,-79.102053
95,Park D,2015,0,0,0,0,43.612163,-79.480426
96,Park A,2015,0,0,0,0,43.788203,-79.418564
97,Park Q,2018,0,0,0,0,43.780193,-79.537679
98,Park E,2013,0,0,0,0,43.621196,-79.384569
99,Park G,2013,0,0,0,0,43.696211,-79.29845
100,Park T,2014,0,0,0,0,43.614066,-79.130836
101,Park S,2018,0,0,0,0,43.681384,-79.367764
102,Park F,2013,0,0,0,0,43.621738,-79.307953
103,Park T,2019,0,0,0,0,43.618778,-79.195284
104,Park F,2015,0,0,0,0,43.793708,-79.408489
105,Park V,2013,8,0,8,5,43.740262,-79.590523
106,Park D,2023,0,0,0,0,43.669434,-79.18874
107,Park Y,2023,0,0,0,0,43.638948,-79.442257
108,Park O,2019,0,0,0,0,43.652951,-79.266923
109,Park Q,2023,0,0,0,0,43.624467,-79.457697
110,Park I,2015,0,0,0,0,43.632334,-79.176721
111,Park K,2015,0,0,0,0,43.755439,-79.335787
112,Park X,2014,11,0,11,1,43.653453,-79.137109
113,Park X,2016,0,0,0,0,43.710115,-79.425546
114,Park G,2019,0,0,0,0,43.661894,-79.230153
115,Park L,2015,10,0,10,4,43.762242,-79.218048
116,Park S,2016,7,0,7,3,43.707103,-79.139529
117,Park J,2017,0,0,0,0,43.693964,-79.278272
118,Park H,2013,10,0,10,1,43.696103,-79.479789
119,Park Q,2013,0,0,0,0,43.614487,-79.41832
120,Park E,2019,0,0,0,0,43.748667,-79.128326
121,Park O,2016,0,0,0,0,43.774009,-79.58329
122,Park Q,2023,0,0,0,0,43.736907,-79.454758
123,Park O,2018,0,0,0,0,43.707921,-79.330599
124,Park J,2015,0,0,0,0,43.660527,-79.263367
125,Park Z,2013,10,0,10,4,43.636457,-79.370039
126,Park V,2013,0,0,0,0,43.656178,-79.247882
127,Park G,2023,0,0,0,0,43.725907,-79.410317
128,Park L,2017,0,0,0,0,43.730958,-79.451803
129,Park N,2018,0,0,0,0,43.606767,-79.430524
130,Park E,2017,0,0,0,0,43.614756,-79.457056
131,Park Q,2015,0,0,0,0,43.600403,-79.422698
132,Park T,2019,0,0,0,0,43.606589,-79.303434
133,Park Q,2013,0,0,0,0,43.722759,-79.141116
134,Park K,2016,0,0,0,0,43.691746,-79.39337
135,Park V,2017,9,0,9,4,43.789604,-79.538235
136,Park Q,2017,0,0,0,0,43.732845,-79.252257
137,Park A,2017,0,0,0,0,43.736131,-79.548499
138,Park U,2014,11,0,11,4,43.79433,-79.531833
139,Park I,2015,0,0,0,0,43.696761,-79.397241
140,Park A,2019,11,0,11,2,43.628963,-79.24797
141,Park P,2019,0,0,0,0,43.746629,-79.165653
142,Park V,2019,0,0,0,0,43.649981,-79.459368
143,Park X,2018,0,0,0,0,43.62198,-79.505471
144,Park K,2017,0,0,0,0,43.785324,-79.158184
145,Park P,2017,0,0,0,0,43.650378,-79.142641
146,Park P,2018,11,0,11,5,43.749116,-79.424223
147,Park W,2017,0,0,0,0,43.726316,-79.4223
148,Park P,2019,0,0,0,0,43.725231,-79.507285
149,Park Q,2016,0,0,0,0,43.667824,-79.441853
150,Park Z,2017,13,0,13,4,43.694575,-79.110964
151,Park G,2016,15,0,15,2,43.611008,-79.300609
152,Park L,2023,0,0,0,0,43.746716,-79.37985
153,Park K,2014,0,0,0,0,43.623832,-79.235492
154,Park N,2019,0,0,0,0,43.734048,-79.405128
155,Park G,2019,0,0,0,0,43.654721,-79.141426
156,Park Q,2014,0,0,0,0,43.683247,-79.442075
157,Park N,2023,0,0,0,0,43.73269,-79.23899
158,Park Y,2016,9,0,9,3,43.707662,-79.33684
159,Park J,2014,0,0,0,0,43.697342,-79.453915
160,Park H,2017,0,0,0,0,43.672027,-79.250414
161,Park V,2013,0,0,0,0,43.656577,-79.268018
162,Park R,2013,8,0,8,4,43.799454,-79.38815
163,Park C,2018,0,0,0,0,43.62537,-79.469413
164,Park U,2019,6,0,6,1,43.742868,-79.50955
165,Park A,2019,0,0,0,0,43.657459,-79.57473
166,Park B,2019,0,0,0,0,43.732174,-79.161697
167,Park Q,2016,0,0,0,0,43.690546,-79.132853
168,Park E,2019,11,0,11,4,43.695098,-79.595299
169,Park B,2023,0,0,0,0,43.702363,-79.311739
170,Park F,2013,0,0,0,0,43.657819,-79.42804
171,Park C,2015,0,0,0,0,43.623548,-79.417522
172,Park S,2014,0,0,0,0,43.637765,-79.257107
173,Park X,2016,0,0,0,0,43.747331,-79.591673
174,Park P,2016,0,0,0,0,43.649455,-79.219538
175,Park V,2017,10,0,10,1,43.751271,-79.255198
176,Park V,2017,0,0,0,0,43.639261,-79.526574
177,Park P,2019,0,0,0,0,43.692167,-79.432846
178,Park T,2016,0,0,0,0,43.637452,-79.598232
179,Park S,2019,0,0,0,0,43.63319,-79.283509
180,Park V,2014,8,0,8,4,43.719444,-79.291174
181,Park H,2013,0,0,0,0,43.621161,-79.33683
182,Park N,2017,11,0,11,3,43.664158,-79.379429
183,Park G,2018,0,6,0,0,43.769205,-79.120152
184,Park Y,2017,9,0,9,3,43.630338,-79.173152
185,Park F,2014,0,0,0,0,43.627521,-79.574437
186,Park A,2019,0,0,0,0,43.648474,-79.343789
187,Park C,2014,9,0,9,3,43.601319,-79.269801
188,Park S,2014,0,6,0,0,43.674229,-79.187094
189,Park T,2016,13,0,13,3,43.761482,-79.288024
190,Park C,2019,0,0,0,0,43.640664,-79.502206
191,Park K,2017,0,0,0,0,43.728833,-79.495225
192,Park C,2013,14,0,14,6,43.614322,-79.116384
193,Park F,2014,10,0,10,5,43.654775,-79.498278
194,Park Z,2018,0,0,0,0,43.721175,-79.38375
195,Park Q,2023,0,0,0,0,43.656241,-79.185468
196,Park Z,2017,0,0,0,0,43.631017,-79.369354
197,Park U,2013,0,0,0,0,43.786058,-79.326357
198,Park Z,2016,0,0,0,0,43.796001,-79.429668
199,Park M,2017,0,0,0,0,43.754935,-79.175263
200,Park I,2018,0,0,0,0,43.738261,-79.461823
201,Park L,2013,0,0,0,0,43.640778,-79.3094
202,Park U,2019,0,0,0,0,43.7635,-79.571204
203,Park D,2017,0,0,0,0,43.62968,-79.231155
204,Park H,2023,12,0,12,4,43.749783,-79.536608
205,Park J,2018,0,0,0,0,43.748526,-79.180109
206,Park R,2017,0,0,0,0,43.70147,-79.328634
207,Park X,2023,0,0,0,0,43.786429,-79.346215
208,Park R,2023,0,0,0,0,43.694118,-79.574442
209,Park C,2015,0,0,0,0,43.664033,-79.52987
210,Park Y,2014,0,0,0,0,43.74331,-79.142626
211,Park G,2015,0,0,0,0,43.631824,-79.466757
212,Park C,2018,0,0,0,0,43.691484,-79.156061
213,Park W,2013,13,0,13,2,43.6796,-79.115689
214,Park T,2013,11,0,11,4,43.723803,-79.511124
215,Park W,2014,9,0,9,3,43.614347,-79.466629
216,Park X,2016,0,0,0,0,43.727553,-79.258089
217,Park J,2013,0,0,0,0,43.666383,-79.570495
218,Park M,2023,0,0,0,0,43.711878,-79.284632
219,Park Z,2014,0,0,0,0,43.648316,-79.170436
220,Park Z,2017,10,0,10,5,43.78079,-79.23905
221,Park W,2014,0,0,0,0,43.653524,-79.46396
222,Park V,2018,0,0,0,0,43.750614,-79.328276
223,Park K,2015,7,3,7,0,43.781144,-79.367817
224,Park I,2016,9,0,9,4,43.659005,-79.206729
225,Park A,2017,11,0,11,4,43.741737,-79.536782
226,Park W,2019,0,0,0,0,43.749872,-79.281323
227,Park S,2015,0,0,0,0,43.765669,-79.16687
228,Park I,2023,7,0,7,1,43.693801,-79.583587
229,Park D,2015,0,0,0,0,43.610423,-79.427364
230,Park I,2014,0,0,0,0,43.616989,-79.136565
231,Park S,2019,0,0,0,0,43.707,-79.349929
232,Park U,2017,0,0,0,0,43.747964,-79.132401
233,Park I,2018,0,0,0,0,43.719792,-79.559651
