id,park_locations,year,blt_larvae,blt_adults_and_nymphs,total_blts,num_positive,latitude,longitude
1,Algonquin Island,2013,0,1,1,0,43.62612,-79.360567
2,Algonquin Island,2014,0,0,0,0,43.62612,-79.360567
3,Danforth Birchmount Parkette,2014,0,0,0,0,43.695657,-79.266877
4,Rouge Park,2014,0,3,3,0,43.811851,-79.151299
5,Wards Island,2014,0,0,0,0,43.629883,-79.349769
6,Algonquin Island,2015,0,2,2,0,43.62612,-79.360567
7,Bob Hunter Park,2015,0,0,0,0,43.802283,-79.161945
8,Brimley Woods Park,2015,0,0,0,0,43.809945,-79.275149
9,Cedar Ridge Park,2015,0,1,1,0,43.757969,-79.2087
10,Centre Island,2015,0,0,0,0,43.618094,-79.386014
11,Charles Sauriol Conservation Area,2015,0,0,0,0,43.734522,-79.329934
12,Cudia Park,2015,0,0,0,0,43.723959,-79.221507
13,Etobicoke Creek,2015,0,0,0,0,43.647937,-79.589648
14,Greenvale Park,2015,0,0,0,0,43.756853,-79.202446
15,Grey Abbey Park,2015,0,0,0,0,43.755269,-79.17296
16,Guildwood Park,2015,0,0,0,0,43.748537,-79.191287
17,Hanlan's Point,2015,0,0,0,0,43.613139,-79.383364
18,Humber River,2015,0,0,0,0,43.724878,-79.608907
19,Joyce Trimmer Park,2015,0,0,0,0,43.806838,-79.189336
20,Lavender Creek,2015,0,0,0,0,43.674271,-79.479888
21,Leslie Grove Park,2015,0,0,0,0,43.663346,-79.333525
22,Milkman's Lane,2015,0,0,0,0,43.67845,-79.372299
23,Morningside Park,2015,0,4,4,0,43.776814,-79.199891
24,Panorama Park,2015,0,0,0,0,43.746303,-79.579918
25,Pine Point Park,2015,0,0,0,0,43.716392,-79.540814
26,Rouge Park,2015,0,10,10,1,43.811851,-79.151299
27,Rowntree Mills Park,2015,0,0,0,0,43.747986,-79.571159
28,South Marine Drive Park,2015,0,0,0,0,43.737444000000004,-79.201418
29,Sunnybrook Park,2015,0,0,0,0,43.724281,-79.36532
30,Sylvan Park,2015,0,0,0,0,43.729052,-79.214018
31,Tommy Thompson Park,2015,0,0,0,0,43.622495,-79.337167
32,Wards Island,2015,0,0,0,0,43.629883,-79.349769
33,Algonquin Island,2016,0,8,8,0,43.62612,-79.360567
34,Bickford Park,2016,0,0,0,0,43.65874,-79.42116
35,Bloordale Park,2016,0,0,0,0,43.638226,-79.572831
36,Brimley Woods Park,2016,0,0,0,0,43.809945,-79.275149
37,Cedar Ridge Park,2016,0,1,1,0,43.757969,-79.2087
38,Centre Island,2016,0,0,0,0,43.618094,-79.386014
39,Charles Sauriol Conservation Area,2016,0,0,0,0,43.734522,-79.329934
40,Colonel Danforth Trail,2016,0,8,8,1,43.780349,-79.178148
41,Cudia Park,2016,0,0,0,0,43.723959,-79.221507
42,David A. Balfour Park,2016,0,0,0,0,43.686161,-79.388775999999993
43,Eglinton Park,2016,0,0,0,0,43.707535,-79.405068
44,Etienne Brule Park,2016,0,0,0,0,43.651811,-79.490275
45,Etobicoke Creek,2016,0,0,0,0,43.647937,-79.589648
46,Etobicoke Valley Park,2016,0,0,0,0,43.602787,-79.556213
47,Finch Hydro Corridor,2016,0,0,0,0,43.791856,-79.381808
48,Glen Stewart Park,2016,0,0,0,0,43.676572,-79.293242
49,Hanlan's Point,2016,0,0,0,0,43.613139,-79.383364
50,High Park,2016,0,0,0,0,43.640264,-79.459314
51,Humberwood Park,2016,0,0,0,0,43.724041,-79.610324
52,Iroquois Park,2016,0,0,0,0,43.803838,-79.269558
53,Joyce Trimmer Park,2016,0,0,0,0,43.806838,-79.189336
54,June Rowlands Park,2016,0,0,0,0,43.700742,-79.388588
55,Morningside Park,2016,0,14,14,0,43.776814,-79.199891
56,Northwood Park,2016,0,0,0,0,43.747583,-79.497263
57,Pine Point Park,2016,0,0,0,0,43.716392,-79.540814
58,Rennie Park,2016,0,0,0,0,43.645352,-79.475089
59,Riverdale Park East,2016,0,0,0,0,43.669827,-79.355428
60,Rouge Park,2016,0,63,63,29,43.811851,-79.151299
61,Rowntree Mills Park,2016,0,1,1,0,43.747986,-79.571159
62,Summerlea Park,2016,0,0,0,0,43.724281,-79.36532
63,Sunnybrook Park,2016,0,0,0,0,43.724281,-79.36532
64,Sylvan Park,2016,0,0,0,0,43.729052,-79.214018
65,Tommy Thompson Park,2016,0,0,0,0,43.622495,-79.337167
66,Toronto Hunt Club,2016,0,0,0,0,43.6813,-79.2726
67,Wards Island,2016,0,0,0,0,43.629883,-79.349769
68,West Dean Park,2016,0,0,0,0,43.659821,-79.563278
69,Algonquin Island,2017,0,2,2,0,43.62612,-79.360567
70,Anewen Greenbelt,2017,2,0,0,0,43.730593,-79.318885
71,Bloordale Park,2017,0,0,0,0,43.638226,-79.572831
72,Cedar Ridge Park,2017,0,0,0,0,43.757969,-79.2087
73,Charles Sauriol Conservation Area,2017,0,0,0,0,43.734522,-79.329934
74,Cherry Beach Sports Field,2017,0,0,0,0,43.640747,-79.341216
75,Colonel Danforth Trail,2017,0,5,5,0,43.780349,-79.178148
76,Cudia Park,2017,0,0,0,0,43.723959,-79.221507
77,David A. Balfour Park,2017,0,0,0,0,43.686161,-79.388775999999993
78,Doris McCarthy Trail,2017,0,1,1,0,43.7269,-79.214
79,Earl Bales Park,2017,0,0,0,0,43.753634,-79.43183
80,Etienne Brule Park,2017,0,0,0,0,43.651811,-79.490275
81,Etobicoke Creek,2017,0,0,0,0,43.647937,-79.589648
82,Etobicoke Valley Park,2017,0,0,0,0,43.602787,-79.556213
83,Finch Hydro Corridor,2017,0,0,0,0,43.791856,-79.381808
84,G. Ross Lord Park,2017,0,0,0,0,43.778234,-79.46093
85,Guild Park,2017,0,0,0,0,43.746621,-79.190198
86,High Park,2017,0,0,0,0,43.640264,-79.459314
87,Highland Creek Park,2017,9,3,3,1,43.761387,-79.203228
88,Humberwood Park,2017,0,0,0,0,43.724041,-79.610324
89,Iroquois Park,2017,0,0,0,0,43.803838,-79.269558
90,Lambton Park,2017,0,0,0,0,43.664009,-79.504019
91,Manhattan Park - Massey Creek,2017,0,0,0,0,43.753545,-79.294463
92,Martin Goodman Trail,2017,0,0,0,0,43.63705,-79.34447
93,Morningside Park,2017,0,14,14,1,43.776814,-79.199891
94,Northwood Park,2017,0,0,0,0,43.747583,-79.497263
95,Pine Point Park,2017,0,1,1,0,43.716392,-79.540814
96,Rennie Park,2017,0,0,0,0,43.645352,-79.475089
97,Riverdale Park East,2017,0,0,0,0,43.669827,-79.355428
98,Rouge Park,2017,0,122,122,63,43.811851,-79.151299
99,Rowntree Mills Park,2017,0,0,0,0,43.747986,-79.571159
100,Sherwood Park,2017,0,0,0,0,43.716402,-79.385619
101,Summerlea Park,2017,0,0,0,0,43.724281,-79.36532
102,Sunnybrook Park,2017,0,0,0,0,43.724281,-79.36532
103,Sylvan Park,2017,0,0,0,0,43.729052,-79.214018
104,Tommy Thompson Park,2017,0,0,0,0,43.622495,-79.337167
105,Toronto Hunt Club,2017,0,2,2,0,43.6813,-79.2726
106,West Dean Park,2017,0,0,0,0,43.659821,-79.563278
107,Amberdale Ravine,2018,0,0,0,0,43.764401,-79.250568
108,Anewen Greenbelt,2018,2,1,1,0,43.730593,-79.318885
109,Bestview Park,2018,0,0,0,0,43.802815,-79.38387
110,Betty Sutherland Park,2018,0,0,0,0,43.765333,-79.351473
111,Bob Hunter Park,2018,0,0,0,0,43.802283,-79.161945
112,Brimley Woods Park,2018,0,0,0,0,43.809945,-79.275149
113,Brookbanks Park,2018,0,0,0,0,43.752359,-79.329472
114,Cedar Ridge Park,2018,9,2,2,0,43.757969,-79.2087
115,Centre Island,2018,0,1,1,1,43.618094,-79.386014
116,Charles Sauriol Conservation Area,2018,0,1,1,0,43.734522,-79.329934
117,Cherry Beach,2018,0,0,0,0,43.63705,-79.34447
118,Colonel Danforth Trail,2018,0,56,56,18,43.780349,-79.178148
119,Cudia Park,2018,0,0,0,0,43.723959,-79.221507
120,David A. Balfour Park,2018,0,0,0,0,43.686161,-79.388775999999993
121,Doris McCarthy Trail,2018,0,1,1,0,43.7269,-79.214
122,Earl Bales Park,2018,0,0,0,0,43.753634,-79.43183
123,Etienne Brule Park,2018,0,0,0,0,43.651811,-79.490275
124,Etobicoke Valley Park,2018,0,0,0,0,43.602787,-79.556213
125,G. Ross Lord Park,2018,0,0,0,0,43.778234,-79.46093
126,Greenvale Park,2018,0,0,0,0,43.756853,-79.202446
127,Guild Park and Gardens,2018,0,1,1,0,43.746621,-79.190198
128,High Park,2018,0,0,0,0,43.640264,-79.459314
129,Humberwood Park,2018,0,1,1,0,43.724041,-79.610324
130,Lambton Park,2018,0,0,0,0,43.664009,-79.504019
131,Magwood Park,2018,0,0,0,0,43.657497,-79.497658
132,Martin Goodman Trail,2018,0,0,0,0,43.63705,-79.34447
133,McCowan Park,2018,0,0,0,0,43.748362,-79.236204
134,Moore Ravine Park,2018,0,0,0,0,43.694749,-79.38045
135,Northwood Park,2018,0,0,0,0,43.747583,-79.497263
136,Park Drive Reservation Lands,2018,0,0,0,0,43.679848,-79.377823
137,Pine Point Park,2018,0,0,0,0,43.716392,-79.540814
138,Rennie Park,2018,0,0,0,0,43.645352,-79.475089
139,Riverdale Park East,2018,0,0,0,0,43.669827,-79.355428
140,Rouge Park,2018,0,11,11,7,43.811851,-79.151299
141,Rowntree Mills Park,2018,0,0,0,0,43.747986,-79.571159
142,Sherwood Park,2018,0,0,0,0,43.716402,-79.385619
143,Sunnybrook Park,2018,0,0,0,0,43.724281,-79.36532
144,Sylvan Park,2018,0,1,1,0,43.729052,-79.214018
145,Taylor Creek Park,2018,0,0,0,0,43.698874000000004,-79.306537
146,Tommy Thompson Park,2018,0,0,0,0,43.622495,-79.337167
147,Upper Rouge Trail Park,2018,0,19,19,10,43.809749,-79.187157
148,Warden Woods Park,2018,0,0,0,0,43.704404,-79.282249
149,Wards Island,2018,0,1,1,0,43.629883,-79.349769
150,West Don Parklands,2018,0,0,0,0,43.768532,-79.448439
151,Wilket Creek Park,2018,0,0,0,0,43.723265,-79.35078
152,Windfields Park,2018,0,0,0,0,43.742739,-79.375184
153,Amberdale Ravine,2019,0,3,3,0,43.764401,-79.250568
154,Anewen Greenbelt,2019,0,0,0,0,43.730593,-79.318885
155,Bestview Park,2019,0,0,0,0,43.802815,-79.38387
156,Bob Hunter Park,2019,0,1,1,0,43.802283,-79.161945
157,Brimley Woods Park,2019,0,0,0,0,43.809945,-79.275149
158,Brookbanks Park,2019,0,0,0,0,43.752359,-79.329472
159,Cedar Ridge Park,2019,0,2,2,0,43.757582,-79.206307
160,Charles Sauriol Conservation Area,2019,0,0,0,0,43.734522,-79.329934
161,Colonel Danforth Trail,2019,0,2,2,0,43.780349,-79.178148
162,Cudia Park,2019,0,0,0,0,43.723959,-79.221507
163,Earl Bales Park,2019,0,0,0,0,43.753634,-79.43183
164,G. Ross Lord Park,2019,0,0,0,0,43.778234,-79.46093
165,Greenvale Park,2019,0,0,0,0,43.756853,-79.202446
166,Guild Park and Gardens,2019,0,1,1,0,43.746621,-79.190198
167,Highland Creek Park,2019,0,2,2,0,43.761387,-79.203228
168,High Park,2019,0,2,2,0,43.640264,-79.459314
169,Hinder Area,2019,0,0,0,0,43.761438,-79.43598
170,Humberwood Park,2019,0,0,0,0,43.724041,-79.610324
171,Lambton Park,2019,0,1,1,0,43.664009,-79.504019
172,Magwood Park,2019,0,1,1,0,43.657497,-79.497658
173,McCowan Park,2019,0,1,1,0,43.748362,-79.236204
174,Moore Ravine Park,2019,0,0,0,0,43.694749,-79.38045
175,Morningside Park,2019,0,6,6,1,43.776814,-79.199891
176,Pine Point Park,2019,0,0,0,0,43.716392,-79.540814
177,Rouge Park: Glen Eagle Vista Trail,2019,0,52,52,25,43.808778,-79.158593
178,Rowntree Mills Park,2019,0,0,0,0,43.747986,-79.571159
179,Scarborough Crescent Park,2019,0,0,0,0,43.704145,-79.2417
180,Sherwood Park,2019,0,0,0,0,43.716402,-79.385619
181,Sunnybrook Park,2019,0,0,0,0,43.724281,-79.36532
182,Sylvan Park,2019,0,0,0,0,43.729052,-79.214018
183,Taylor Creek Park,2019,0,0,0,0,43.698874000000004,-79.306537
184,Toronto Islands: Algonquin Island Park,2019,0,7,7,0,43.621925,-79.363238
185,Toronto Islands: Centre Island,2019,0,1,1,0,43.62083,-79.379481
186,Toronto Islands: Ward's,2019,0,1,1,0,43.626964,-79.356551
187,Upper Rouge Trail Park,2019,0,39,39,9,43.810163,-79.187138
188,Warden Woods Park,2019,0,0,0,0,43.704404,-79.282249
189,West Deane Park (North),2019,0,1,1,1,43.661328,-79.560164
190,Wilket Creek Park,2019,0,0,0,0,43.723265,-79.35078
191,Windfields Park,2019,0,0,0,0,43.742739,-79.375184
192,Amberdale Ravine,2023,0,0,0,0,43.764401,-79.250568
193,Anewen Greenbelt,2023,0,0,0,0,43.730593,-79.318885
194,Bestview Park,2023,0,0,0,0,43.802815,-79.38387
195,Bob Hunter Park,2023,0,0,0,0,43.802283,-79.161945
196,Brimley Woods Park,2023,0,0,0,0,43.809945,-79.275149
197,Brookbanks Park,2023,0,0,0,0,43.752359,-79.329472
198,Cedar Ridge Park,2023,0,0,0,0,43.757582,-79.206307
199,Charles Sauriol Conservation Area,2023,0,1,1,0,43.734522,-79.329934
200,Colonel Danforth Park,2023,0,7,7,1,43.777801,-79.173733
201,Colonel Danforth Trail,2023,0,0,0,0,43.780349,-79.178148
202,Cudia Park,2023,0,0,0,0,43.723959,-79.221507
203,Earl Bales Park,2023,0,0,0,0,43.753634,-79.43183
204,G. Ross Lord Park,2023,0,0,0,0,43.778234,-79.46093
205,Greenvale Park,2023,0,0,0,0,43.756853,-79.202446
206,Guild Park and Gardens,2023,0,0,0,0,43.746621,-79.190198
207,Highland Creek Park,2023,0,0,0,0,43.761387,-79.203228
208,High Park,2023,0,0,0,0,43.640264,-79.459314
209,Hinder Area,2023,0,0,0,0,43.761438,-79.43598
210,Humberwood Park,2023,0,1,1,0,43.724041,-79.610324
211,Lambton Park,2023,0,0,0,0,43.664009,-79.504019
212,Magwood Park,2023,0,0,0,0,43.657497,-79.497658
213,McCowan Park,2023,0,0,0,0,43.748362,-79.236204
214,Moore Ravine Park,2023,0,0,0,0,43.694749,-79.38045
215,Morningside Park,2023,0,9,9,3,43.776814,-79.199891
216,Pine Point Park,2023,0,0,0,0,43.716392,-79.540814
217,Rouge Park: Glen Eagle Vista Trail,2023,0,0,0,0,43.808778,-79.158593
218,Rouge Valley: Old Finch & Sewells Rd,2023,0,34,34,12,43.82431,-79.197891
219,Rouge Valley: Twyn Rivers Dr,2023,0,39,39,19,43.814263,-79.153715
220,Rowntree Mills Park,2023,0,0,0,0,43.747986,-79.571159
221,Scarborough Crescent Park,2023,0,0,0,0,43.704145,-79.2417
222,Sherwood Park,2023,0,0,0,0,43.716402,-79.385619
223,Sunnybrook Park,2023,0,0,0,0,43.724281,-79.36532
224,Sylvan Park,2023,0,0,0,0,43.729052,-79.214018
225,Taylor Creek Park,2023,0,0,0,0,43.698874000000004,-79.306537
226,Toronto Islands: Algonquin Island Park,2023,0,8,8,0,43.621925,-79.363238
227,Toronto Islands: Centre Island,2023,0,22,22,8,43.62083,-79.379481
228,Toronto Islands: Ward's,2023,0,0,0,0,43.626964,-79.356551
229,Upper Rouge Trail Park,2023,0,0,0,0,43.810163,-79.187138
230,Warden Woods Park,2023,0,0,0,0,43.704404,-79.282249
231,West Deane Park (North),2023,0,0,0,0,43.661328,-79.560164
232,Wilket Creek Park,2023,0,0,0,0,43.723265,-79.35078
233,Windfields Park,2023,0,0,0,0,43.742739,-79.375184
